名前,型,H,A,B,C,D,S,わざ1,わざ2,わざ3,わざ4,もちもの
アーマルド,1,260,349,205,130,228,95,シザークロス,いわなだれ,じしん,てっぺき,するどいツメ
アーマルド,2,264,354,209,134,232,99,ブレイククロー,アクアテール,つばめがえし,いばる,ピントレンズ
アーマルド,3,268,537,276,137,173,103,ストーンエッジ,ばかぢから,じしん,ギガインパクト,こだわりハチマキ
アーマルド,4,272,363,280,141,177,107,ストーンエッジ,シザークロス,じしん,クロスポイズン,いのちのたま
アブソル,1,240,328,125,139,125,239,ふいうち,からげんき,かげぶんしん,ちょうはつ,ヨプのみ
アブソル,2,307,365,129,143,129,159,おしおき,いばる,メロメロ,でんじは,せんせいのツメ
アブソル,3,248,336,133,146,133,248,つじぎり,サイコカッター,シザークロス,つばめがえし,するどいツメ
アブソル,4,252,561,137,150,137,230,つじぎり,ばかぢから,ギガインパクト,しねんのずつき,こだわりハチマキ
ウインディ,1,290,288,165,184,165,283,ほのおのキバ,しんそく,かみくだく,おにび,ラムのみ
ウインディ,2,294,292,169,188,169,288,フレアドライブ,かみなりのキバ,きしかいせい,こらえる,カムラのみ
ウインディ,3,298,209,173,303,173,266,オーバーヒート,ソーラービーム,りゅうのはどう,にほんばれ,しろいハーブ
ウインディ,4,302,330,177,195,177,270,フレアドライブ,しんそく,かみくだく,かみなりのキバ,きあいのハチマキ
ウツボット,1,333,193,135,294,125,145,リーフストーム,ヘドロばくだん,ねむりごな,いえき,ウタンのみ
ウツボット,2,337,310,139,188,129,149,タネばくだん,はきだす,のみこむ,たくわえる,くろいヘドロ
ウツボット,3,341,200,143,303,133,153,ヘドロばくだん,ソーラービーム,はかいこうせん,こうごうせい,パワフルハーブ
ウツボット,4,345,204,147,308,137,157,ソーラービーム,ヘドロばくだん,しぼりとる,にほんばれ,きあいのハチマキ
エアームド,1,240,228,382,76,145,145,ドリルくちばし,はがねのつばさ,まきびし,ほえる,オッカのみ
エアームド,2,286,169,331,80,210,149,そらをとぶ,どくどく,かげぶんしん,はねやすめ,たべのこし
エアームド,3,248,236,391,83,153,153,ドリルくちばし,きりさく,しっぺがえし,つじぎり,するどいツメ
エアームド,4,252,264,360,87,157,157,ブレイブバード,はがねのつばさ,シザークロス,いわなだれ,いのちのたま
エーフィ,1,240,121,125,328,195,316,サイコキネシス,リフレクター,めいそう,バトンタッチ,ラムのみ
エーフィ,2,244,125,129,332,199,321,サイコキネシス,スピードスター,あまえる,メロメロ,ひかりのこな
エーフィ,3,248,128,133,369,203,296,サイコキネシス,シャドーボール,はかいこうせん,くさむすび,ラムのみ
エーフィ,4,252,132,137,374,207,300,サイコキネシス,シャドーボール,シグナルビーム,あさのひざし,ものしりメガネ
エテボース,1,260,268,137,112,137,327,ダブルアタック,シャドークロー,かわらわり,はたきおとす,ちからのハチマキ
エテボース,2,264,272,141,116,141,332,とっておき,でんじは,まもる,ねこだまし,メトロノーム
エテボース,3,268,303,145,119,145,306,ダブルアタック,ダストシュート,タネばくだん,つばめがえし,いのちのたま
エテボース,4,272,308,149,123,149,310,ダブルアタック,ほのおのパンチ,かみなりパンチ,れいとうパンチ,いのちのたま
エルレイド,1,246,318,135,121,327,165,しねんのずつき,かわらわり,でんじは,あやしいひかり,カシブのみ
エルレイド,2,250,322,139,125,239,255,ドレインパンチ,ほのおのパンチ,かみなりパンチ,れいとうパンチ,ひかりのこな
エルレイド,3,254,358,143,128,306,173,サイコカッター,ストーンエッジ,つばめがえし,シザークロス,ピントレンズ
エルレイド,4,258,363,147,132,310,177,サイコカッター,インファイト,リーフブレード,つじぎり,ピントレンズ
エレキブル,1,260,314,139,175,175,283,かみなりパンチ,クロスチョップ,でんじは,いやなおと,ピントレンズ
エレキブル,3,268,233,147,292,183,266,10まんボルト,サイコキネシス,きあいだま,シグナルビーム,ものしりメガネ
エレキブル,2,264,318,143,262,179,199,かみなり,ばくれつパンチ,いわなだれ,アイアンテール,こうかくレンズ
エレキブル,4,272,358,151,186,187,270,かみなりパンチ,ほのおのパンチ,れいとうパンチ,じしん,シュカのみ
エンテイ,0,356,225,191,290,171,284,オーバーヒート,じんつうりき,シャドーボール,めいそう,シュカのみ
エンテイ,0,356,225,191,290,171,284,だいもんじ,ソーラービーム,はかいこうせん,にほんばれ,シュカのみ
エンテイ,0,356,314,191,180,171,312,ほのおのキバ,かみつく,アイアンヘッド,ストーンエッジ,おうじゃのしるし
エンテイ,0,356,314,191,180,171,312,ほのおのキバ,おんがえし,ほえる,リフレクター,シュカのみ
エンペルト,1,278,264,181,204,270,125,たきのぼり,メタルクロー,かわらわり,はたきおとす,するどいツメ
エンペルト,2,282,268,185,207,274,129,ドリルくちばし,アクアジェット,シャドークロー,いわなだれ,するどいツメ
エンペルト,3,286,272,189,298,215,119,なみのり,じしん,ふぶき,シグナルビーム,せんせいのツメ
エンペルト,4,290,277,193,302,219,123,ハイドロカノン,ラスターカノン,ドリルくちばし,じしん,せんせいのツメ
オーダイル,1,280,305,268,146,171,161,たきのぼり,こおりのキバ,いわなだれ,こわいかお,おうじゃのしるし
オーダイル,2,284,310,272,150,175,165,アクアテール,ばかぢから,ドラゴンクロー,シャドークロー,しろいハーブ
オーダイル,3,288,200,276,257,179,169,ハイドロカノン,れいとうビーム,きあいだま,げんしのちから,ものしりメガネ
オーダイル,4,292,319,280,157,183,173,たきのぼり,じしん,こおりのキバ,りゅうのまい,ラムのみ
オニゴーリ,1,312,181,207,165,207,74,ゆきなだれ,しっぺがえし,ジャイロボール,こおりのつぶて,くろいてっきゅう
オニゴーリ,2,337,255,169,152,169,169,こおりのキバ,かみくだく,じしん,だいばくはつ,ラムのみ
オニゴーリ,3,341,155,173,259,173,173,れいとうビーム,シャドーボール,シグナルビーム,みずのはどう,ピントレンズ
オニゴーリ,4,345,159,177,264,177,177,ふぶき,あくのはどう,ぜったいれいど,あられ,のんきのおこう
カイリキー,1,353,360,165,121,175,115,クロスチョップ,じしん,バレットパンチ,みやぶる,ピントレンズ
カイリキー,2,294,295,232,125,242,119,リベンジ,じしん,しっぺがえし,カウンター,きあいのタスキ
カイリキー,3,361,369,173,128,183,123,ばくれつパンチ,じしん,ストーンエッジ,れいとうパンチ,せんせいのツメ
カイリキー,4,365,374,177,132,187,127,クロスチョップ,じしん,かみなりパンチ,ほのおのパンチ,せんせいのツメ
カイリュー,1,292,369,195,184,268,165,ドラゴンクロー,つばめがえし,でんじは,りゅうのまい,ラムのみ
カイリュー,3,300,252,266,303,213,173,りゅうせいぐん,かえんほうしゃ,10まんボルト,なみのり,たつじんのおび
カイリュー,2,296,374,262,188,209,169,ドラゴンダイブ,ほのおのパンチ,かみなりパンチ,れいとうパンチ,するどいツメ
カイリュー,4,304,573,207,195,280,177,げきりん,ギガインパクト,じしん,ばかぢから,こだわりハチマキ
カイロス,1,240,349,268,103,145,175,シザークロス,じしん,いわなだれ,つるぎのまい,バコウのみ
カイロス,2,244,322,209,107,149,266,シザークロス,リベンジ,じたばた,こらえる,カムラのみ
カイロス,3,248,358,276,110,153,183,シザークロス,ばかぢから,ストーンエッジ,ギガインパクト,のんきのおこう
カイロス,4,252,363,280,114,157,187,シザークロス,じしん,インファイト,ハサミギロチン,ピントレンズ
カバルドン,1,326,292,334,126,149,99,じしん,かみくだく,なまける,のろい,キーのみ
カバルドン,2,330,296,338,130,153,103,じしん,いばる,すなじごく,あくび,オボンのみ
カバルドン,3,397,330,249,134,157,107,ばかぢから,ほのおのキバ,こおりのキバ,じわれ,しろいハーブ
カバルドン,4,401,334,253,137,161,111,じしん,ストーンエッジ,かみくだく,かみなりのキバ,せんせいのツメ
カビゴン,1,493,316,135,121,225,65,おんがえし,いわなだれ,のろい,あくび,たべのこし
カビゴン,2,434,321,139,125,292,69,ほのおのパンチ,かみなりパンチ,れいとうパンチ,ねむる,カゴのみ
カビゴン,3,438,325,143,128,296,73,げきりん,ばかぢから,ダストシュート,タネばくだん,しろいハーブ
カビゴン,4,505,330,147,132,237,77,すてみタックル,じしん,しねんのずつき,かみくだく,いのちのたま
ガブリアス,1,326,328,195,148,175,299,ドラゴンクロー,じしん,かげぶんしん,すなあらし,ひかりのこな
ガブリアス,2,330,242,199,255,179,276,りゅうせいぐん,だいちのちから,かえんほうしゃ,なみのり,しろいハーブ
ガブリアス,3,334,369,203,155,183,283,ドラゴンダイブ,ストーンエッジ,アクアテール,つばめがえし,きあいのタスキ
ガブリアス,4,338,374,207,159,187,284,げきりん,じしん,かみくだく,ほのおのキバ,キーのみ
カメックス,1,268,153,247,238,257,161,ハイドロポンプ,シグナルビーム,こごえるかぜ,ミラーコート,しんぴのしずく
カメックス,2,335,261,209,161,219,165,たきのぼり,きあいパンチ,かげぶんしん,アクアリング,かいがらのすず
カメックス,3,339,266,213,164,223,169,アクアテール,じしん,ゆきなだれ,しねんのずつき,いのちのたま
カメックス,4,343,164,217,275,227,173,ハイドロカノン,れいとうビーム,はかいこうせん,きあいだま,かいがらのすず
ガラガラ,1,230,250,288,94,165,95,ボーンラッシュ,かわらわり,アイアンテール,すなあらし,するどいツメ
ガラガラ,2,234,510,292,98,169,99,ボーンラッシュ,ほのおのパンチ,かみなりパンチ,いわなだれ,ふといホネ
ガラガラ,3,238,518,296,101,173,103,じしん,ギガインパクト,げきりん,ほのおのパンチ,ふといホネ
ガラガラ,4,242,528,300,105,177,107,じしん,ストーンエッジ,アイアンヘッド,かみなりパンチ,ふといホネ
ガルーラ,1,320,258,165,76,165,272,すてみタックル,かみくだく,きしかいせい,こらえる,カムラのみ
ガルーラ,2,387,288,169,80,169,189,ピヨピヨパンチ,ほのおのパンチ,かみなりパンチ,れいとうパンチ,するどいツメ
ガルーラ,3,328,266,173,83,173,281,ダブルアタック,アームハンマー,シャドークロー,いわなだれ,いのちのたま
ガルーラ,4,395,297,177,87,177,197,ギガインパクト,じしん,かみくだく,げきりん,ちからのハチマキ
キノガッサ,1,230,328,250,112,125,145,タネばくだん,スカイアッパー,いわなだれ,カウンター,きあいのタスキ
キノガッサ,3,238,369,236,119,133,153,ばくれつパンチ,かみなりパンチ,ストーンエッジ,からげんき,どくどくだま
キノガッサ,2,234,365,169,192,129,134,ドレインパンチ,ギガドレイン,こうごうせい,やどりぎのタネ,おおきなねっこ
キノガッサ,4,241,374,240,123,137,157,きあいパンチ,タネばくだん,ギガインパクト,キノコのほうし,かいがらのすず
ギャラドス,1,300,318,163,112,294,167,アクアテール,こおりのキバ,かみつく,あまごい,するどいキバ
ギャラドス,3,308,358,171,119,276,175,げきりん,たきのぼり,ストーンエッジ,ギガインパクト,キーのみ
ギャラドス,2,304,322,167,116,209,257,たきのぼり,こおりのキバ,アイアンヘッド,りゅうのまい,ラムのみ
ギャラドス,4,312,363,175,123,217,242,たきのぼり,じしん,ねむる,りゅうのまい,カゴのみ
ギャロップ,1,240,184,145,250,165,278,だいもんじ,ソーラービーム,にほんばれ,ねむる,カゴのみ
ギャロップ,2,244,188,149,255,169,282,オーバーヒート,ソーラービーム,スピードスター,にほんばれ,しろいハーブ
ギャロップ,3,248,303,153,155,173,286,フレアドライブ,どくづき,アイアンテール,つのドリル,ひかりのこな
ギャロップ,4,252,280,157,159,177,319,フレアドライブ,メガホーン,すてみタックル,さいみんじゅつ,カゴのみ
キュウコン,1,256,141,155,230,205,294,だいもんじ,ソーラービーム,メロメロ,にほんばれ,ひかりのこな
キュウコン,2,260,144,159,234,209,299,オーバーヒート,あくのはどう,わるだくみ,あやしいひかり,しろいハーブ
キュウコン,3,264,148,163,175,276,303,ねっぷう,あやしいかぜ,ゆめくい,さいみんじゅつ,こうかくレンズ
キュウコン,4,268,152,167,266,217,280,かえんほうしゃ,じんつうりき,エナジーボール,めいそう,イトケのみ
キングドラ,1,260,175,195,258,195,261,なみのり,りゅうのはどう,えんまく,あまごい,するどいキバ
キングドラ,2,264,179,199,262,199,266,しおみず,れいとうビーム,たつまき,あくび,かいがらのすず
キングドラ,3,331,292,202,182,203,183,たきのぼり,げきりん,アイアンヘッド,りゅうのまい,ラムのみ
キングドラ,4,335,186,207,297,207,187,ハイドロポンプ,りゅうせいぐん,ふぶき,シグナルビーム,こうかくレンズ
グライオン,1,260,283,318,85,155,195,じしん,つばめがえし,つるぎのまい,バトンタッチ,ヤチェのみ
グライオン,2,264,262,259,89,159,288,じしん,ほのおのキバ,かみなりのキバ,こおりのキバ,するどいキバ
グライオン,3,331,203,263,92,163,292,ハサミギロチン,じしん,とんぼがえり,カウンター,きあいのタスキ
グライオン,4,272,297,330,96,167,207,じしん,つばめがえし,シザークロス,ストーンエッジ,たつじんのおび
グランブル,1,353,338,155,112,125,95,おんがえし,いわなだれ,かみくだく,でんじは,するどいツメ
グランブル,2,357,343,159,116,129,99,からげんき,ほのおのキバ,かみなりのキバ,こおりのキバ,せんせいのツメ
グランブル,3,361,347,163,119,133,103,ほのおのパンチ,れいとうパンチ,かみなりパンチ,しっへがえし,ちからのハチマキ
グランブル,4,365,352,167,123,137,107,ギガインパクト,インファイト,じしん,ストーンエッジ,いのちのたま
グレイシア,1,240,112,225,328,283,135,れいとうビーム,みずのはどう,かげぶんしん,バトンタッチ,のんきのおこう
グレイシア,2,244,116,229,332,288,139,れいとうビーム,かげぶんしん,あくび,あられ,たべのこし
グレイシア,3,248,119,296,369,203,143,ふぶき,はかいこうせん,あられ,ミラーコート,きあいのタスキ
グレイシア,4,252,123,300,374,207,147,れいとうビーム,シャドーボール,シグナルビーム,みずのはどう,ものしりメガネ
クレセリア,0,408,144,303,188,323,191,サイコキネシス,れいとうビーム,シグナルビーム,つきのひかり,たべのこし
クレセリア,0,429,144,261,257,281,191,サイコキネシス,シャドーボール,エナジーボール,チャージビーム,ものしりメガネ
クレセリア,0,408,144,333,171,323,191,サイコキネシス,どくどく,かげぶんしん,つきのひかり,ラムのみ
クレセリア,0,366,144,356,171,344,191,サイコキネシス,ソーラービーム,つきのひかり,にほんばれ,あついいわ
クロバット,1,280,248,165,130,165,360,クロスポイズン,つばめがえし,はねやすめ,さいみんじゅつ,ウタンのみ
クロバット,2,284,252,169,149,169,332,エアスラッシュ,しねんのずつき,かみつく,たつまき,するどいキバ
クロバット,3,288,173,173,237,173,336,エアスラッシュ,ヘドロばくだん,ねっぷう,あくのはどう,おうじゃのしるし
クロバット,4,292,286,177,141,177,340,クロスポイズン,ブレイブバード,シザークロス,しねんのずつき,するどいツメ
ケッキング,1,473,325,294,175,135,205,からげんき,シャドークロー,なまける,あくび,のんきのおこう
ケッキング,2,414,431,272,179,139,209,ブレイククロー,ほのおのパンチ,かみなりパンチ,れいとうパンチ,ラムのみ
ケッキング,3,418,396,213,182,143,303,おんがえし,つじぎり,ダストシュート,つばめがえし,いのちのたま
ケッキング,4,485,440,217,186,147,217,ギガインパクト,じしん,アームハンマー,シャドークロー,ちからのハチマキ
ゲンガー,1,230,121,125,328,155,316,シャドーボール,ヘドロばくだん,うらみ,あやしいひかり,ウタンのみ
ゲンガー,2,234,125,129,365,159,292,シャドーボール,ゆめくい,さいみんじゅつ,みがわり,いのちのたま
ゲンガー,3,238,128,133,369,163,296,サイコキネシス,エナジーボール,きあいだま,あやしいひかり,ピントレンズ
ゲンガー,4,242,132,137,374,167,300,シャドーボール,ヘドロばくだん,10まんボルト,みちづれ,ラムのみ
ケンタロス,1,260,268,195,76,145,316,あばれる,しねんのずつき,おいうち,こわいかお,キーのみ
ケンタロス,2,264,299,199,80,149,292,からげんき,じしん,いわなだれ,しっぺがえし,いのちのたま
ケンタロス,3,268,276,203,83,153,325,ギガインパクト,じしん,げきりん,アイアンテール,ラムのみ
ケンタロス,4,272,462,207,87,157,300,おんがえし,じしん,ストーンエッジ,しねんのずつき,こだわりハチマキ
ゴウカザル,1,262,276,147,191,147,312,インファイト,ほのおのパンチ,とんぼがえり,ねこだまし,バコウのみ
ゴウカザル,2,266,308,151,195,151,288,ブレイズキック,シャドークロー,かみなりパンチ,ダストシュート,ちからのハチマキ
ゴウカザル,3,270,198,155,312,155,292,かえんほうしゃ,きあいだま,ソーラービーム,にほんばれ,ひかりのこな
ゴウカザル,4,274,288,159,202,159,325,フレアドライブ,インファイト,じしん,かみなりパンチ,おうじゃのしるし
ゴルダック,1,333,152,161,283,165,175,なみのり,サイコキネシス,あやしいひかり,めいそう,リンドのみ
ゴルダック,2,274,259,165,179,169,242,たきのぼり,どろばくだん,シャドークロー,つばめがえし,かいがらのすず
ゴルダック,3,341,264,169,182,173,183,アクアテール,クロスチョップ,れいとうパンチ,しねんのずつき,ピントレンズ
ゴルダック,4,345,162,173,297,177,187,ハイドロポンプ,サイコキネシス,れいとうビーム,シグナルビーム,ソクノのみ
ゴローニャ,1,270,288,360,103,135,95,じしん,いわなだれ,ふいうち,すなあらし,きあいのハチマキ
ゴローニャ,3,278,325,336,123,143,46,ジャイロボール,じしん,アームハンマー,なげつける,くろいてっきゅう
ゴローニャ,2,274,321,332,107,139,99,じしん,ばかぢから,ほのおのパンチ,かみなりパンチ,しろいハーブ
ゴローニャ,4,282,330,340,127,147,96,じしん,ストーンエッジ,ジャイロボール,だいばくはつ,せんせいのツメ
サーナイト,1,246,121,135,318,327,165,サイコキネシス,シャドーボール,でんじは,あやしいひかり,ラムのみ
サーナイト,2,250,125,139,354,302,169,サイコキネシス,10まんボルト,めいそう,ねむる,カゴのみ
サーナイト,3,254,128,143,358,306,173,サイコキネシス,チャージビーム,エナジーボール,きあいだま,ひかりのこな
サーナイト,4,258,132,147,330,247,264,サイコキネシス,10まんボルト,シャドーボール,みちづれ,ものしりメガネ
サイドン,1,320,360,308,85,95,85,じしん,いわなだれ,かみくだく,こわいかお,イトケのみ
サイドン,2,324,365,312,89,99,89,じしん,ほのおのパンチ,かみなりパンチ,れいとうパンチ,きあいのタスキ
サイドン,3,391,369,253,103,103,83,げきりん,アームハンマー,シャドークロー,ゆきなだれ,キーのみ
サイドン,4,395,374,257,96,107,97,じしん,ストーンエッジ,メガホーン,つのドリル,せんせいのツメ
サンダー,0,306,264,191,243,201,312,ドリルくちばし,たつまき,はがねのつばさ,とんぼがえり,おうじゃのしるし
サンダー,0,306,264,191,271,201,284,かみなり,ドリルくちばし,でんじは,あまごい,ヤチェのみ
サンダー,0,306,180,191,334,201,312,10まんボルト,げんしのちから,あやしいかぜ,ひかりのかべ,きあいのハチマキ
サンダー,0,306,180,191,367,201,284,10まんボルト,エアカッター,ねっぷう,シグナルビーム,ひかりのこな
サンダース,1,240,121,125,288,195,360,10まんボルト,でんじは,こうそくいどう,バトンタッチ,きあいのタスキ
サンダース,2,244,202,129,292,199,269,ほうでん,にどげり,あなをほる,でんじは,するどいツメ
サンダース,3,248,128,133,296,203,369,かみなり,シャドーボール,あまごい,あくび,のんきのおこう
サンダース,4,252,132,137,330,207,340,10まんボルト,はかいこうせん,シャドーボール,シグナルビーム,するどいキバ
ジバコイル,1,250,130,327,328,185,125,10まんボルト,ミラーショット,ひかりのかべ,リフレクター,ひかりのねんど
ジバコイル,2,254,212,332,242,189,129,アイアンヘッド,だいばくはつ,いばる,じこあんじ,ラムのみ
ジバコイル,3,258,137,306,369,193,133,チャージビーム,ラスターカノン,でんじふゆう,でんじは,カゴのみ
ジバコイル,4,262,141,310,374,197,137,10まんボルト,ラスターカノン,トライアタック,シグナルビーム,ひかりのこな
シャワーズ,1,433,121,125,316,195,135,なみのり,れいとうビーム,とける,バトンタッチ,ひかりのこな
シャワーズ,2,437,125,129,321,199,139,ハイドロポンプ,れいとうビーム,とける,あまごい,しめったいわ
シャワーズ,3,441,128,133,325,203,143,だくりゅう,ふぶき,アクアリング,あくび,たべのこし
シャワーズ,4,445,132,137,330,207,147,なみのり,れいとうビーム,シャドーボール,シグナルビーム,たつじんのおび
ジュカイン,1,250,238,135,193,175,338,リーフブレード,かみくだく,でんこうせっか,いやなおと,チイラのみ
ジュカイン,2,254,161,139,282,179,343,ギガドレイン,やどりぎのタネ,どくどく,かげぶんしん,たべのこし
ジュカイン,3,258,270,143,200,183,316,リーフブレード,シザークロス,つじぎり,つばめがえし,ピントレンズ
ジュカイン,4,262,168,147,290,187,352,リーフストーム,りゅうのはどう,きあいだま,はかいこうせん,オッカのみ
ジュゴン,1,290,208,165,130,283,145,たきのぼり,ゆきなだれ,ずつき,ねこだまし,するどいキバ
ジュゴン,2,294,134,169,212,288,149,れいとうビーム,シグナルビーム,アンコール,かなしばり,ソクノのみ
ジュゴン,3,340,137,215,153,269,153,ぜったいれいど,つのドリル,ねむる,ねごと,カムラのみ
ジュゴン,4,302,141,177,220,297,157,なみのり,れいとうビーム,シグナルビーム,ねむる,カゴのみ
スイクン,0,326,234,251,180,251,279,たきのぼり,こおりのキバ,アイアンヘッド,かみつく,おうじゃのしるし
スイクン,0,389,153,251,290,251,191,なみのり,れいとうビーム,じんつうりき,めいそう,ソクノのみ
スイクン,0,326,153,345,264,251,191,ハイドロポンプ,ふぶき,シャドーボール,あられ,ラムのみ
スイクン,0,326,153,251,264,345,191,なみのり,こごえるかぜ,あやしいかぜ,ミラーコート,きあいのタスキ
スカタンク,1,379,279,139,132,127,173,ふいうち,どくづき,きりさく,いやなおと,するどいツメ
スカタンク,2,383,195,143,135,131,264,かみくだく,どくどく,かげぶんしん,いばる,カゴのみ
スカタンク,3,324,179,147,218,135,268,ヘドロばくだん,あくのはどう,かえんほうしゃ,シャドーボール,シュカのみ
スカタンク,4,328,266,151,143,139,272,どくづき,つじぎり,かみくだく,だいばくはつ,ちからのハチマキ
スターミー,1,230,139,175,268,175,327,なみのり,サイコキネシス,あやしいひかり,でんじは,ラムのみ
スターミー,2,234,143,179,272,179,332,ハイドロポンプ,ふぶき,かみなり,じこさいせい,こうかくレンズ
スターミー,3,238,146,183,303,183,306,なみのり,サイコキネシス,パワージェム,シグナルビーム,ものしりメガネ
スターミー,4,242,150,187,308,187,310,なみのり,サイコキネシス,10まんボルト,れいとうビーム,たつじんのおび
スリーパー,1,280,235,145,151,298,62.5,サイコカッター,なげつける,さいみんじゅつ,トリックルーム,くろいてっきゅう
スリーパー,2,284,155,149,218,302,143,ゆめくい,あくむ,ドレインパンチ,さいみんじゅつ,キーのみ
スリーパー,3,288,244,153,143,306,147,しねんのずつき,ほのおのパンチ,かみなりパンチ,れいとうパンチ,オボンのみ
スリーパー,4,292,146,157,372,310,151,サイコキネシス,シャドーボール,シグナルビーム,きあいだま,こだわりメガネ
ダーテング,1,290,268,125,166,125,250,タネばくだん,だましうち,シザークロス,ねこだまし,キーのみ
ダーテング,2,336,188,171,189,188,169,ギガドレイン,やどりぎのタネ,かげぶんしん,こうごうせい,たべのこし
ダーテング,3,361,191,133,281,133,173,リーフストーム,あくのはどう,きあいだま,シャドーボール,しろいハーブ
ダーテング,4,365,308,137,177,137,177,タネばくだん,ふいうち,つばめがえし,だいばくはつ,クラボのみ
ダイノーズ,1,230,195,295,218,305,76,げんしのちから,マグネットボム,でんじは,まもる,クラボのみ
ダイノーズ,2,234,200,299,143,372,89,アイアンヘッド,ほのおのパンチ,かみなりパンチ,れいとうパンチ,ヨプのみ
ダイノーズ,3,238,204,366,146,313,93,ストーンエッジ,アイアンヘッド,じしん,だいばくはつ,ピントレンズ
ダイノーズ,4,242,114,307,253,380,97,ラスターカノン,パワージェム,だいちのちから,10まんボルト,いのちのたま
ダグトリオ,1,180,228,105,94,145,338,じしん,いわなだれ,おどろかす,すなじごく,ねばりのかぎづめ
ダグトリオ,2,184,152,109,189,149,312,だいちのちから,ヘドロばくだん,トライアタック,すなあらし,のんきのおこう
ダグトリオ,3,188,236,113,101,153,347,じわれ,ギガインパクト,つばめがえし,つじぎり,するどいツメ
ダグトリオ,4,192,264,117,105,157,320,じしん,ストーンエッジ,きりさく,シャドークロー,ちからのハチマキ
チャーレム,1,230,188,155,112,155,250,しねんのずつき,きしかいせい,こらえる,ねこだまし,カムラのみ
チャーレム,2,234,192,159,116,159,255,ドレインパンチ,どくづき,みきり,じこさいせい,クラボのみ
チャーレム,3,238,119,163,215,163,236,サイコキネシス,きあいだま,シャドーボール,めいそう,ものしりメガネ
チャーレム,4,242,220,167,123,167,240,サイコカッター,ほのおのパンチ,かみなりパンチ,れいとうパンチ,ピントレンズ
チルタリス,1,260,208,185,130,305,165,ドラゴンクロー,つばめがえし,りゅうのまい,ねむる,カゴのみ
チルタリス,2,264,134,189,233,282,169,りゅうのはどう,あやしいかぜ,うたう,ほろびのうた,かいがらのすず
チルタリス,3,268,237,193,137,286,173,ドラゴンダイブ,ゴッドバード,じしん,りゅうのまい,ひかりのこな
チルタリス,4,272,141,197,242,227,240,りゅうせいぐん,エアカッター,かえんほうしゃ,れいとうビーム,しろいハーブ
ツボツボ,1,192,25,557,22,507,15,ストーンエッジ,むしくい,いばる,パワートリック,のんきのおこう
ツボツボ,2,196,29,511,26,562,19,まきつく,いばる,メロメロ,どくどく,ねばりのかぎづめ
ツボツボ,3,200,33,566,29,515,23,ジャイロボール,みがわり,かげぶんしん,パワートリック,のんきのおこう
ツボツボ,4,204,33,519,37,570,27,どくどく,みがわり,かげぶんしん,すなあらし,たべのこし
デンリュウ,1,290,139,155,327,248,115,10まんボルト,パワージェム,ひかりのかべ,でんじは,シュカのみ
デンリュウ,2,294,222,159,215,277,119,かみなりパンチ,ほのおのパンチ,きあいパンチ,でんじは,クラボのみ
デンリュウ,3,361,146,163,336,193,123,チャージビーム,はかいこうせん,でんじは,ねむる,カゴのみ
デンリュウ,4,365,167,167,341,197,114,かみなり,きあいだま,シグナルビーム,パワージェム,フォーカスレンズ
ドータクン,1,244,183,330,146,300,71,じんつうりき,アイアンヘッド,いわなだれ,トリックルーム,おうじゃのしるし
ドータクン,2,248,168,304,167,334,75,ゆめくい,さいみんじゅつ,シグナルビーム,トリックルーム,ラムのみ
ドータクン,3,315,171,245,257,245,79,サイコキネシス,シャドーボール,チャージビーム,シグナルビーム,たべのこし
ドータクン,4,319,283,249,157,249,83,しねんのずつき,アイアンヘッド,じしん,だいばくはつ,せんせいのツメ
ドククラゲ,1,270,130,135,228,245,294,なみのり,ヘドロばくだん,こごえるかぜ,バリアー,ソクノのみ
ドククラゲ,2,337,134,139,169,343,209,どくどく,ギガドレイン,メロメロ,あやしいひかり,くろいヘドロ
ドククラゲ,3,278,137,143,259,316,213,なみのり,ヘドロばくだん,ギガドレイン,ミラーコート,きあいのタスキ
ドククラゲ,4,282,141,147,240,157,308,ハイドロポンプ,ヘドロばくだん,れいとうビーム,しぼりとる,ピントレンズ
ドクロッグ,1,276,308,135,159,135,238,どくづき,かわらわり,シザークロス,はたきおとす,くろいヘドロ
ドクロッグ,2,280,312,139,162,139,242,ばくれつパンチ,どくづき,かみなりパンチ,れいとうパンチ,こうかくレンズ
ドクロッグ,3,284,202,143,272,143,246,ヘドロばくだん,きあいだま,シャドーボール,あくのはどう,ものしりメガネ
ドクロッグ,4,288,321,147,170,147,250,ダストシュート,クロスチョップ,じしん,ストーンエッジ,するどいツメ
トゲキッス,1,280,184,195,220,298,165,ゴッドバード,しんそく,ドレインパンチ,はねやすめ,パワフルハーブ
トゲキッス,2,347,96,199,343,239,169,エアスラッシュ,あやしいかぜ,ぎんいろのかぜ,げんしのちから,ピントレンズ
トゲキッス,3,288,101,203,347,243,236,エアスラッシュ,ねっぷう,シグナルビーム,マジカルリーフ,ものしりメガネ
トゲキッス,4,292,105,207,352,247,240,はかいこうせん,エアスラッシュ,はどうだん,サイコキネシス,たつじんのおび
ドサイドン,1,340,382,328,103,115,85,がんせきほう,じしん,かみくだく,ほえる,きあいのハチマキ
ドサイドン,2,344,387,332,107,119,89,ほのおのパンチ,かみなりパンチ,れいとうパンチ,アクアテール,たつじんのおび
ドサイドン,3,411,293,369,110,123,93,つのドリル,ゆきなだれ,しっぺがえし,カウンター,きあいのタスキ
ドサイドン,4,415,594,277,114,127,97,がんせきほう,じしん,アームハンマー,メガホーン,こだわりハチマキ
ドダイトス,1,363,314,215,139,175,117,じしん,くさむすび,いわなだれ,のろい,ヤチェのみ
ドダイトス,2,346,227,261,159,243,108,ギガドレイン,やどりぎのタネ,こうごうせい,ドわすれ,たべのこし
ドダイトス,3,308,207,286,248,183,125,ハードプラント,だいちのちから,はかいこうせん,やどりぎのタネ,のんきのおこう
ドダイトス,4,375,327,227,150,187,129,ウッドハンマー,じしん,ストーンエッジ,かみくだく,せんせいのツメ
トドゼルガ,1,393,250,185,175,185,135,こおりのキバ,アクアテール,いばる,アンコール,ヨプのみ
トドゼルガ,2,397,255,189,199,189,125,ゆきなだれ,じしん,かみくだく,のろい,いのちのたま
トドゼルガ,3,338,155,281,203,256,143,ぜったいれいど,じわれ,ねむる,ねごと,のんきのおこう
トドゼルガ,4,405,159,197,297,197,147,なみのり,れいとうビーム,シグナルビーム,あられ,たべのこし
ドラピオン,1,250,272,268,112,155,195,どくづき,かみくだく,アクアテール,つぼをつく,ラムのみ
ドラピオン,2,254,277,292,116,159,99.5,しっぺがえし,どくづき,なげつける,はたきおとす,くろいてっきゅう
ドラピオン,3,258,256,233,119,163,292,クロスポイズン,ほのおのキバ,かみなりのキバ,こおりのキバ,ピントレンズ
ドラピオン,4,262,286,237,123,167,270,クロスポイズン,つじぎり,じしん,つばめがえし,するどいツメ
トリデプス,1,230,109,444,89,344,65,アイアンヘッド,ストーンエッジ,いばる,ちょうはつ,きあいのハチマキ
トリデプス,2,297,101,345,182,285,69,げんしのちから,かえんほうしゃ,10まんボルト,れいとうビーム,キーのみ
トリデプス,3,301,117,349,96,367,73,アイアンヘッド,じわれ,かげぶんしん,てっぺき,たべのこし
トリデプス,4,305,202,353,99,293,77,メタルバースト,ストーンエッジ,ゆきなだれ,のろい,きあいのタスキ
トリトドン,1,395,171,141,170,255,83,たきのぼり,じしん,じこさいせい,ミラーコート,きあいのタスキ
トリトドン,2,336,175,145,256,259,78,だくりゅう,どろばくだん,じこさいせい,あくび,フォーカスレンズ
トリトドン,3,403,266,149,177,177,91,たきのぼり,じしん,ストーンエッジ,じわれ,かいがらのすず
トリトドン,4,407,164,153,290,181,95,なみのり,だいちのちから,れいとうビーム,ヘドロばくだん,ものしりメガネ
ドンカラス,1,373,349,109,193,109,147,つじぎり,つばめがえし,いちゃもん,ちょうはつ,ソクノのみ
ドンカラス,2,377,354,113,197,113,151,ばかぢから,ついばむ,でんじは,あやしいひかり,しろいハーブ
ドンカラス,3,381,236,117,314,117,155,あくのはどう,エアカッター,サイコキネシス,シャドーボール,いのちのたま
ドンカラス,4,385,363,121,204,121,159,つじぎり,ドリルくちばし,ふいうち,はがねのつばさ,ピントレンズ
ドンファン,1,290,308,338,112,125,105,じしん,いわなだれ,どくづき,すなあらし,するどいツメ
ドンファン,2,294,343,312,116,129,109,じしん,ばかぢから,ダストシュート,カウンター,しろいハーブ
ドンファン,3,298,347,316,133,133,101,じしん,ジャイロボール,ほのおのキバ,かみなりのキバ,のんきのおこう
ドンファン,4,302,352,320,123,137,117,じしん,ストーンエッジ,タネばくだん,じわれ,せんせいのツメ
ナッシー,1,363,175,175,349,135,115,ソーラービーム,サイコキネシス,にほんばれ,こうごうせい,ひかりのこな
ナッシー,2,367,179,179,354,139,119,ゆめくい,さいみんじゅつ,やどりぎのタネ,ねをはる,ラムのみ
ナッシー,3,371,292,183,263,143,110,ウッドハンマー,しねんのずつき,トリックルーム,だいばくはつ,きあいのタスキ
ナッシー,4,375,186,187,363,147,127,リーフストーム,サイコキネシス,ヘドロばくだん,げんしのちから,たつじんのおび
ナマズン,1,393,144,151,242,147,125,なみのり,だいちのちから,こごえるかぜ,ドわすれ,かいがらのすず
ナマズン,2,397,250,155,144,151,129,アクアテール,じしん,いわなだれ,あばれる,キーのみ
ナマズン,3,401,152,159,250,155,133,ハイドロポンプ,だいちのちから,ふぶき,じわれ,フォーカスレンズ
ナマズン,4,405,259,163,152,159,137,じしん,アクアテール,しねんのずつき,ストーンエッジ,ちからのハチマキ
ニドキング,1,335,252,174,157,155,175,じしん,どくづき,にどげり,カウンター,きあいのハチマキ
ニドキング,2,318,193,205,161,221,179,きあいパンチ,りゅうのはどう,つのドリル,みがわり,ひかりのこな
ニドキング,3,280,177,167,270,163,246,だいちのちから,ヘドロばくだん,れいとうビーム,シャドーボール,たつじんのおび
ニドキング,4,284,290,171,168,167,250,じしん,どくづき,メガホーン,げきりん,ちからのハチマキ
ニドクイン,1,353,255,179,139,175,157,じしん,どくどくのキバ,つばめがえし,あまえる,ウタンのみ
ニドクイン,2,357,259,183,143,179,161,どくづき,ほのおのパンチ,かみなりパンチ,れいとうパンチ,ピントレンズ
ニドクイン,3,361,159,187,248,183,165,ヘドロばくだん,だいちのちから,かえんほうしゃ,れいとうビーム,くろいヘドロ
ニドクイン,4,365,268,191,150,187,169,じしん,どくづき,ばかぢから,かみくだく,するどいツメ
ニョロトノ,1,290,139,155,248,294,145,なみのり,ハイパーボイス,どろばくだん,いばる,のんきのおこう
ニョロトノ,2,357,222,174,170,209,149,ダイビング,かわらわり,さいみんじゅつ,ほろびのうた,カゴのみ
ニョロトノ,3,298,226,163,173,303,153,たきのぼり,じしん,はらだいこ,ねむる,カゴのみ
ニョロトノ,4,302,150,167,286,280,157,ハイドロポンプ,れいとうビーム,サイコキネシス,さいみんじゅつ,ソクノのみ
ニョロボン,1,353,157,195,228,185,145,なみのり,しんくうは,サイコキネシス,かげぶんしん,リンドのみ
ニョロボン,2,357,266,199,134,189,149,たきのぼり,ばくれつパンチ,どくづき,ビルドアップ,のんきのおこう
ニョロボン,3,361,164,203,237,193,153,ハイドロポンプ,きあいだま,ふぶき,どろばくだん,こうかくレンズ
ニョロボン,4,365,275,207,141,197,157,たきのぼり,きあいパンチ,じしん,さいみんじゅつ,たつじんのおび
ヌオー,1,363,261,175,121,135,75,じしん,アクアテール,かわらわり,カウンター,リンドのみ
ヌオー,2,346,179,221,125,199,79,ダイビング,あくび,のろい,ドわすれ,たべのこし
ヌオー,3,371,164,183,226,143,83,なみのり,だいちのちから,きあいだま,ヘドロばくだん,せんせいのツメ
ヌオー,4,375,275,187,132,147,87,じしん,たきのぼり,ストーンエッジ,れいとうパンチ,ちからのハチマキ
ネンドール,1,230,159,278,145,308,139,じしん,しねんのずつき,くさむすび,トリックルーム,カシブのみ
ネンドール,2,234,134,282,233,249,159,だいちのちから,げんしのちから,シグナルビーム,シャドーボール,リンドのみ
ネンドール,3,238,137,223,237,316,163,だいちのちから,サイコキネシス,チャージビーム,れいとうビーム,ものしりメガネ
ネンドール,4,242,242,227,141,320,167,じしん,しねんのずつき,いわなだれ,だいばくはつ,のんきのおこう
ハガネール,1,260,238,514,103,135,65,じしん,アイアンヘッド,かみくだく,すなあらし,イトケのみ
ハガネール,2,264,266,472,107,139,69,じしん,ほのおのキバ,かみなりのキバ,こおりのキバ,シュカのみ
ハガネール,3,268,246,523,123,143,65,ジャイロボール,しっぺがえし,いばる,のろい,くろいてっきゅう
ハガネール,4,272,275,480,127,147,69,ジャイロボール,じしん,ストーンエッジ,だいばくはつ,せんせいのツメ
バクオング,1,381,168,131,275,131,141,ハイパーボイス,じんつうりき,みずのはどう,いちゃもん,ヨプのみ
バクオング,2,385,279,135,171,135,145,からげんき,ほのおのパンチ,かみなりパンチ,れいとうパンチ,いのちのたま		
バクオング,3,389,283,139,175,139,149,からげんき,じしん,ゆきなだれ,かみくだく,いのちのたま
バクオング,4,393,179,143,288,143,153,ハイパーボイス,オーバーヒート,なみのり,れいとうビーム,しろいハーブ
バクフーン,1,266,259,161,200,175,268,ほのおのパンチ,かみなりパンチ,シャドークロー,でんこうせっか,ピントレンズ
バクフーン,2,270,240,165,290,179,209,ブラストバーン,じしん,きしかいせい,こらえる,カムラのみ
バクフーン,3,274,268,169,207,183,276,フレアドライブ,じしん,シャドークロー,つばめがえし,シュカのみ
バクフーン,4,278,166,173,327,187,280,オーバーヒート,ソーラービーム,きあいだま,にほんばれ,しろいハーブ
バシャーモ,1,270,338,145,202,145,228,ブレイズキック,きしかいせい,つばめがえし,こらえる,カムラのみ
バシャーモ,2,274,224,149,292,149,255,ブラストバーン,きあいだま,ソーラービーム,にほんばれ,ひかりのこな
バシャーモ,3,278,347,153,209,153,236,ブレイズキック,じしん,シャドークロー,ストーンエッジ,イトケのみ
バシャーモ,4,282,352,157,213,157,240,フレアドライブ,ばかぢから,かみなりパンチ,つじぎり,しろいハーブ
ハッサム,1,250,328,294,103,165,135,シザークロス,バレットパンチ,つるぎのまい,バトンタッチ,ひかりのこな
ハッサム,2,254,332,209,107,255,139,メタルクロー,つじぎり,てっぺき,はねやすめ,オボンのみ
ハッサム,3,258,336,213,110,173,226,シザークロス,でんこうせっか,きしかいせい,こらえる,カムラのみ
ハッサム,4,262,374,280,114,177,147,シザークロス,アイアンヘッド,つばめがえし,つじぎり,オッカのみ
ハピナス,1,683,22,25,239,275,115,はかいこうせん,シャドーボール,みずのはどう,うたう,ヨプのみ
ハピナス,2,687,26,29,159,376,119,どくどく,かげぶんしん,たまごうみ,カウンター,カゴのみ
ハピナス,3,691,29,33,248,283,123,かえんほうしゃ,10まんボルト,れいとうビーム,めいそう,ひかりのこな
ハピナス,4,695,33,37,167,385,127,ゆめくい,うたう,タマゴうみ,カウンター,たべのこし
ハリテヤマ,1,461,338,125,76,125,105,つっぱり,じしん,からげんき,ねこだまし,キーのみ
ハリテヤマ,2,465,343,129,80,129,54.5,リベンジ,しっぺがえし,なげつける,ねこだまし,くろいてっきゅう
ハリテヤマ,3,469,347,133,83,133,113,ばくれつパンチ,ほのおのパンチ,かみなりパンチ,れいとうパンチ,いのちのたま
ハリテヤマ,4,473,352,137,67,137,117,クロスチョップ,じしん,ストーンエッジ,どくづき,ピントレンズ
バリヤード,1,190,85,135,268,338,185,サイコキネシス,シグナルビーム,まねっこ,ものまね,クラボのみ
バリヤード,3,198,92,143,303,316,193,サイコキネシス,10まんボルト,エナジーボール,はかいこうせん,カシブのみ
バリヤード,2,194,89,139,272,343,189,ゆめくい,さいみんじゅつ,ひかりのかべ,リフレクター,ひかりのねんど
バリヤード,4,202,96,147,462,320,197,サイコキネシス,チャージビーム,シャドーボール,きあいだま,こだわりメガネ
バンギラス,1,310,369,225,195,268,114,いわなだれ,しっぺがえし,ゆきなだれ,のろい,きあいのハチマキ
バンギラス,3,318,378,296,182,213,135,ばかぢから,ドラゴンクロー,シャドークロー,アクアテール,しろいハーブ
バンギラス,2,314,340,229,179,209,319.5,ほのおのパンチ,かみなりパンチ,れいとうパンチ,つばめがえし,こだわりスカーフ
バンギラス,4,385,382,237,186,217,139,ストーンエッジ,かみくだく,じしん,りゅうのまい,ヨプのみ
ビークイン,1,250,148,272,181,272,85,ぎんいろのかぜ,エアカッター,あやしいかぜ,いばる,ピントレンズ
ビークイン,2,296,169,255,152,280,89,シザークロス,どくどく,かいふくしれい,みちづれ,キーのみ
ビークイン,3,321,259,217,155,217,93,シザークロス,つばめがえし,おいうち,とんぼがえり,ちからのハチマキ
ビークイン,4,325,264,221,159,221,97,こうげきしれい,ぼうぎょしれい,かいふくしれい,あやしいひかり,かいがらのすず
ヒードラン,0,371,290,233,252,233,175,アイアンヘッド,じしん,ストーンエッジ,かみくだく,せんせいのツメ
ヒードラン,0,371,180,233,378,233,175,かえんほうしゃ,だいちのちから,りゅうのはどう,あくのはどう,ひかりのこな
ヒードラン,0,308,180,233,378,296,175,ねっぷう,ラスターカノン,げんしのちから,こわいかお,シュカのみ
ヒードラン,0,308,264,233,378,233,157,マグマストーム,ラスターカノン,だいちのちから,だいばくはつ,きあいのタスキ
ファイヤー,0,369,198,201,334,191,221,だいもんじ,ソーラービーム,はかいこうせん,にほんばれ,あついいわ
ファイヤー,0,306,312,201,243,191,264,ゴッドバード,おんがえし,はがねのつばさ,とんぼがえり,パワフルハーブ
ファイヤー,0,306,198,201,334,191,290,かえんほうしゃ,エアスラッシュ,げんしのちから,はねやすめ,イトケのみ
ファイヤー,0,306,198,201,367,191,264,オーバーヒート,エアスラッシュ,げんしのちから,あやしいかぜ,しろいハーブ
ブースター,1,240,360,125,175,288,135,ほのおのキバ,ばかぢから,のろい,バトンタッチ,せんせいのツメ
ブースター,2,244,332,129,179,229,222,ほのおのキバ,じたばた,こらえる,すなかけ,カムラのみ
ブースター,3,248,245,133,292,296,143,オーバーヒート,シャドーボール,どろかけ,おにび,しろいハーブ
ブースター,4,252,374,137,186,300,147,ほのおのキバ,ギガインパクト,ばかぢから,かみつく,しろいハーブ
フーディン,1,220,94,95,338,175,338,サイコキネシス,シャドーボール,めいそう,みらいよち,ひかりのこな
フーディン,2,224,98,99,376,179,312,サイコキネシス,きあいだま,チャージビーム,じこさいせい,ナモのみ
フーディン,3,228,101,103,346,183,347,サイコキネシス,チャージビーム,シグナルビーム,くさむすび,ものしりメガネ
フーディン,4,232,105,107,385,187,320,サイコキネシス,シャドーボール,エナジーボール,きあいだま,たつじんのおび
ブーバーン,1,260,175,139,349,195,234,だいもんじ,きあいだま,おにび,にほんばれ,あついいわ
ブーバーン,2,264,288,143,233,199,238,ほのおのパンチ,きあいパンチ,あやしいひかり,えんまく,シュカのみ
ブーバーン,3,268,292,147,236,203,242,フレアドライブ,かみなりパンチ,じしん,かわらわり,イトケのみ
ブーバーン,4,272,186,151,363,207,246,オーバーヒート,サイコキネシス,きあいだま,あやしいひかり,しろいハーブ
フォレトス,1,260,272,348,125,125,76,ジャイロボール,むしくい,リベンジ,カウンター,オッカのみ
フォレトス,2,264,277,352,129,129,80,しっぺがえし,ステルスロック,どくびし,まきびし,オボンのみ
フォレトス,3,268,281,356,119,133,93,あなをほる,いばる,どくどく,かげぶんしん,たべのこし
フォレトス,4,272,286,360,123,137,97,だいばくはつ,すてみタックル,じしん,いわなだれ,のんきのおこう
フシギバナ,1,270,152,171,294,268,165,リーフストーム,ヘドロばくだん,どわすれ,ねむりごな,しろいハーブ
フシギバナ,2,316,155,238,209,251,169,ギガドレイン,ねをはる,やどりぎのタネ,ねむりごな,おおきなねっこ
フシギバナ,3,278,264,179,191,276,173,タネばくだん,じしん,げきりん,のろい,くろいヘドロ
フシギバナ,4,345,162,183,308,217,177,ハードプラント,ヘドロばくだん,はかいこうせん,こうごうせい,ものしりメガネ
プテラ,1,270,278,135,112,155,360,いわなだれ,つばめがえし,いちゃもん,ちょうはつ,おうじゃのしるし
プテラ,2,274,282,139,116,159,365,かみつく,ほのおのキバ,かみなりのキバ,こおりのキバ,するどいキバ
プテラ,3,278,314,143,119,163,336,ギガインパクト,じしん,いわなだれ,かみくだく,ヤチェのみ
プテラ,4,282,478.5,147,123,167,340,ストーンエッジ,つばめがえし,じしん,ドラゴンクロー,こだわりハチマキ
フライゴン,1,270,294,165,148,165,268,じしん,ドラゴンクロー,はねやすめ,すなあらし,ヤチェのみ
フライゴン,2,274,272,169,152,169,299,じわれ,ほのおのパンチ,かみなりパンチ,つばめがえし,するどいキバ
フライゴン,3,278,191,173,236,173,303,りゅうせいぐん,だいちのちから,かえんほうしゃ,ギガドレイン,しろいハーブ
フライゴン,4,282,308,177,159,177,280,じしん,げきりん,かみくだく,ストーンエッジ,ラムのみ
ブラッキー,1,300,135,288,112,360,135,しっぺがえし,あやしいひかり,バトンタッチ,のろい,たべのこし
ブラッキー,3,371,143,325,119,273,143,だましうち,いばる,じこあんじ,いやなおと,のんきのおこう
ブラッキー,2,304,139,321,116,332,139,どくどく,くろいまなざし,かげぶんしん,あやしいひかり,たべのこし
ブラッキー,4,312,147,330,123,340,147,しっぺがえし,きりふだ,のろい,つきのひかり,ひかりのこな
フリーザー,0,306,171,284,301,271,191,れいとうビーム,シグナルビーム,あやしいかぜ,みずのはどう,ものしりメガネ
フリーザー,0,306,254,221,274,271,191,ふぶき,そらをとぶ,はねやすめ,あられ,つめたいいわ
フリーザー,0,306,279,284,211,271,171,ゆきなだれ,つばめがえし,からげんき,リフレクター,ソクノのみ
フリーザー,0,306,171,221,301,334,191,れいとうビーム,エアカッター,げんしのちから,ぜったいれいど,ヨロギのみ
フローゼル,1,280,278,115,157,105,327,たきのぼり,れいとうパンチ,でんこうせっか,あまごい,オボンのみ
フローゼル,2,284,282,119,161,109,332,たきのぼり,きあいパンチ,かげぶんしん,メロメロ,カゴのみ
フローゼル,3,288,200,123,270,113,306,なみのり,れいとうビーム,きあいだま,あまごい,さざなみのおこう
フローゼル,4,292,319,127,168,117,310,アクアテール,こおりのキバ,かみくだく,かわらわり,するどいキバ
フワライド,1,473,148,93,272,113,165,あやしいかぜ,エアカッター,バトンタッチ,こらえる,カムラのみ
フワライド,2,477,255,97,170,117,169,しっぺがえし,からげんき,おにび,おにび,くろいヘドロ
フワライド,3,481,155,101,281,121,173,サイコキネシス,10まんボルト,こごえるかぜ,みちづれ,ものしりメガネ
フワライド,4,485,240,105,197,125,177,シャドーボール,エアカッター,ぎんいろのかぜ,だいばくはつ,のんきのおこう
ベトベトン,1,383,305,155,121,205,105,どくづき,かげうち,ちいさくなる,とける,くろいヘドロ
ベトベトン,2,387,310,159,125,209,109,どくづき,ほのおのパンチ,かみなりパンチ,れいとうパンチ,たつじんのおび
ベトベトン,3,391,314,163,143,213,101,ダストシュート,しっぺがえし,かげうち,のろい,フォーカスレンズ
ベトベトン,4,395,319,167,132,217,117,ダストシュート,かげうち,かわらわり,だいばくはつ,せんせいのツメ
ヘラクロス,1,270,318,155,76,195,261,メガホーン,きあいパンチ,いばる,メロメロ,きあいのハチマキ
ヘラクロス,2,274,354,159,80,262,179,インファイト,つばめがえし,つじぎり,ビルドアップ,ピントレンズ
ヘラクロス,3,278,358,163,83,203,246,メガホーン,ストーンエッジ,からげんき,シャドークロー,バコウのみ
ヘラクロス,4,282,330,167,87,207,275,メガホーン,じしん,きしかいせい,こらえる,カムラのみ
ヘルガー,1,260,248,105,202,165,283,ほのおのキバ,かみくだく,ほえる,カウンター,きあいのタスキ
ヘルガー,2,264,252,109,206,169,288,ほのおのキバ,かみなりのキバ,きしかいせい,こらえる,きあいのタスキ
ヘルガー,3,268,173,113,325,173,266,かえんほうしゃ,シャドーボール,ヘドロばくだん,おにび,イトケのみ
ヘルガー,4,272,177,117,300,177,297,オーバーヒート,あくのはどう,ソーラービーム,にほんばれ,しろいハーブ
ベロベルト,1,393,238,195,148,214,105,おんがえし,じしん,はらだいこ,ねむる,カゴのみ
ベロベルト,2,397,161,199,255,199,109,なみのり,れいとうビーム,10まんボルト,シャドーボール,たつじんのおび
ベロベルト,3,401,270,203,173,203,101,おんがえし,ジャイロボール,のろい,ねむる,ラムのみ
ベロベルト,4,405,275,207,159,207,117,のしかかり,パワーウィップ,じしん,だいばくはつ,のんきのおこう
ホエルオー,1,513,166,95,272,95,125,なみのり,れいとうビーム,メロメロ,かげぶんしん,オボンのみ
ホエルオー,2,496,189,155,170,141,129,うずしお,どくどく,ドわすれ,ねむる,カゴのみ
ホエルオー,3,521,281,103,173,103,133,たきのぼり,ゆきなだれ,じしん,のろい,たべのこし
ホエルオー,4,525,177,107,286,107,137,ハイドロポンプ,ふぶき,はかいこうせん,じわれ,せんせいのツメ
ボーマンダ,1,300,371,165,202,165,268,ドラゴンクロー,つばめがえし,アクアテール,こわいかお,クラボのみ
ボーマンダ,2,304,342,169,206,169,299,ドラゴンクロー,ほのおのキバ,かみなりのキバ,りゅうのまい,するどいキバ
ボーマンダ,3,308,254,173,325,173,276,りゅうせいぐん,ハイドロポンプ,かえんほうしゃ,あやしいかぜ,ものしりメガネ
ボーマンダ,4,312,385,177,213,177,280,げきりん,かみくだく,じしん,しねんのずつき,ラムのみ
ボスゴドラ,1,250,316,428,112,125,105,アイアンヘッド,いわなだれ,すなあらし,いやなおと,せんせいのツメ
ボスゴドラ,2,254,321,432,116,129,109,メタルクロー,ほのおのパンチ,かみなりパンチ,れいとうパンチ,せんせいのツメ
ボスゴドラ,3,258,325,436,119,133,113,アイアンテール,ドラゴンダイブ,ゆきなだれ,つばめがえし,ちからのハチマキ
ボスゴドラ,4,262,330,440,123,137,117,メタルバースト,ストーンエッジ,じしん,シャドークロー,きあいのタスキ
ポリゴン2,1,343,148,185,305,195,125,トライアタック,チャージビーム,でんじは,リサイクル,クラボのみ
ポリゴン2,2,347,169,189,310,199,58,トライアタック,10まんボルト,じこさいせい,トリックルーム,くろいてっきゅう
ポリゴン2,3,351,155,193,314,203,133,トライアタック,10まんボルト,サイコキネシス,れいとうビーム,ものしりメガネ
ポリゴン2,4,355,159,197,319,207,137,トライアタック,シグナルビーム,シャドーボール,れいとうビーム,ラムのみ
ポリゴンZ,1,343,148,145,371,155,185,トライアタック,シャドーボール,リサイクル,テクスチャー2,オボンのみ
ポリゴンZ,3,351,155,153,380,163,193,サイコキネシス,れいとうビーム,シグナルビーム,チャージビーム,ものしりメガネ
ポリゴンZ,2,284,152,149,342,159,415.5,トライアタック,でんじは,じこさいせい,トリック,こだわりスカーフ
ポリゴンZ,4,292,159,157,385,167,260,トライアタック,シャドーボール,10まんボルト,じこさいせい,ものしりメガネ
マタドガス,1,240,166,338,238,145,125,ヘドロばくだん,あくのはどう,でんげきは,おんねん,ウタンのみ
マタドガス,2,244,277,312,161,149,129,ダブルアタック,しっぺがえし,どくどく,いばる,オボンのみ
マタドガス,3,248,193,253,246,237,119,ヘドロばくだん,10まんボルト,あくのはどう,だいばくはつ,のんきのおこう
マタドガス,4,252,177,320,275,157,137,ヘドロばくだん,かえんほうしゃ,シャドーボール,みちづれ,せんせいのツメ
マニューラ,1,250,338,135,65,175,318,つじぎり,れいとうパンチ,いやなおと,ねこだまし,ヨプのみ
マニューラ,2,254,312,139,89,179,354,つじぎり,メロメロ,かげぶんしん,あられ,ひかりのこな
マニューラ,3,258,347,143,92,183,326,つじぎり,シザークロス,メタルクロー,カウンター,きあいのタスキ
マニューラ,4,262,320,147,96,187,363,つじぎり,れいとうパンチ,つばめがえし,かわらわり,するどいツメ
マルマイン,1,230,94,145,250,165,348,10まんボルト,スピードスター,でんじは,ひかりのかべ,カゴのみ
マルマイン,2,234,98,149,232,169,387,チャージビーム,でんじは,フラッシュ,いばる,ひかりのこな
マルマイン,3,238,101,153,236,173,391,かみなり,はかいこうせん,でんじふゆう,あまごい,しめったいわ
マルマイン,4,242,117,157,240,177,360,10まんボルト,シグナルビーム,だいばくはつ,ミラーコート,きあいのタスキ
マンムー,1,393,360,165,130,125,165,じしん,こおりのキバ,つつく,あられ,つめたいいわ
マンムー,2,397,365,169,134,129,169,ゆきなだれ,じしん,アイアンヘッド,のろい,オボンのみ
マンムー,3,401,369,173,137,133,173,じしん,ばかぢから,じわれ,あられ,のんきのおこう
マンムー,4,405,374,177,141,137,177,じしん,こおりのキバ,ストーンエッジ,すてみタックル,いのちのたま
ミミロップ,1,240,220,173,101,197,305,おんがえし,ドレインパンチ,あまえる,ミラーコート,きあいのハチマキ
ミミロップ,2,307,161,177,105,201,310,きあいパンチ,てんしのキッス,メロメロ,でんじは,ひかりのこな
ミミロップ,3,248,148,181,202,205,286,チャージビーム,れいとうビーム,シャドーボール,きあいだま,ものしりメガネ
ミミロップ,4,252,232,185,112,209,319,ピヨピヨパンチ,ほのおのパンチ,かみなりパンチ,れいとうパンチ,ちからのハチマキ
ミルタンク,1,300,228,305,76,145,205,おんがえし,アイアンヘッド,でんじは,ミルクのみ,クラボのみ
ミルタンク,2,304,255,219,80,149,272,からげんき,しねんのずつき,きしかいせい,こらえる,カムラのみ
ミルタンク,3,308,259,286,83,153,213,ピヨピヨパンチ,ほのおのパンチ,かみなりパンチ,れいとうパンチ,ピントレンズ
ミルタンク,4,312,264,227,87,157,280,ギガインパクト,じしん,いわなだれ,しねんのずつき,ちからのハチマキ
ミロカロス,1,363,112,163,294,255,167,なみのり,れいとうビーム,メロメロ,さいみんじゅつ,かいがらのすず
ミロカロス,2,367,129,253,188,259,171,かげぶんしん,どくどく,あやしいひかり,アクアリング,たべのこし
ミロカロス,3,308,119,171,276,358,175,ハイドロポンプ,ふぶき,ミラーコート,じこさいせい,こうかくレンズ
ミロカロス,4,375,123,175,308,267,179,なみのり,れいとうビーム,りゅうのはどう,じこさいせい,ラムのみ
ムウマージ,1,230,112,125,305,215,278,シャドーボール,パワージェム,マジカルリーフ,おきみやげ,カシブのみ
ムウマージ,2,234,116,129,310,282,219,シャドーボール,あやしいひかり,ほろびのうた,くろいまなざし,ラムのみ
ムウマージ,3,238,119,133,286,223,314,シャドーボール,エナジーボール,こごえるかぜ,みちづれ,ものしりメガネ
ムウマージ,4,242,123,137,290,227,319,シャドーボール,サイコキネシス,10まんボルト,みちづれ,きあいのタスキ
ムクホーク,1,280,308,145,94,105,294,おんがえし,つばめがえし,かげぶんしん,はねやすめ,おうじゃのしるし
ムクホーク,2,284,312,149,98,109,299,がむしゃら,つばめがえし,こらえる,でんこうせっか,おうじゃのしるし
ムクホーク,3,288,347,153,101,113,276,ブレイブバード,おんがえし,はがねのつばさ,おいうち,ちからのハチマキ
ムクホーク,4,292,528,157,105,117,280,ブレイブバード,ギガインパクト,インファイト,とんぼがえり,こだわりハチマキ
メガニウム,1,270,152,268,188,268,165,ソーラービーム,げんしのちから,こうごうせい,にほんばれ,あついいわ
メガニウム,2,316,155,251,175,276,169,ギガドレイン,やどりぎのタネ,どくどく,みがわり,おおきなねっこ
メガニウム,3,341,159,234,242,213,173,リーフストーム,しぼりとる,ひかりのかべ,リフレクター,ひかりのねんど
メガニウム,4,345,162,217,270,217,177,ハードプラント,げんしのちから,はかいこうせん,ひかりのかべ,のんきのおこう
メガヤンマ,1,282,141,177,300,117,283,シグナルビーム,エアカッター,みきり,かげぶんしん,バコウのみ
メガヤンマ,2,286,246,181,216,121,262,つばめがえし,とんぼがえり,つじぎり,はがねのつばさ,ちからのハチマキ
メガヤンマ,3,290,148,185,338,125,266,ぎんいろのかぜ,げんしのちから,あやしいかぜ,ギガドレイン,ラムのみ
メガヤンマ,4,294,152,189,343,129,270,むしのさざめき,エアスラッシュ,サイコキネシス,シャドーボール,ものしりメガネ
メタグロス,1,270,371,328,175,185,145,しねんのずつき,バレットパンチ,からげんき,ひかりのかべ,ひかりのこな
メタグロス,2,274,251,332,288,189,149,サイコキネシス,ラスターカノン,シャドーボール,ヘドロばくだん,ものしりメガネ
メタグロス,3,278,380,336,182,193,153,アームハンマー,かみなりパンチ,れいとうパンチ,つばめがえし,オッカのみ
メタグロス,4,345,385,277,186,197,157,コメットパンチ,しねんのずつき,じしん,だいばくはつ,せんせいのツメ
モジャンボ,1,310,184,318,316,105,105,エナジーボール,ヘドロばくだん,きあいだま,ねむりごな,バコウのみ
モジャンボ,2,356,188,331,271,109,109,ギガドレイン,やどりぎのタネ,どくどく,かげぶんしん,おおきなねっこ
モジャンボ,3,318,191,326,325,113,113,ソーラービーム,しぼりとる,こうごうせい,にほんばれ,あついいわ
モジャンボ,4,322,308,330,213,117,117,パワーウィップ,じしん,つばめがえし,かわらわり,のんきのおこう
ヤドキング,1,342,155,207,225,267,58,サイコキネシス,しおみず,あくび,トリックルーム,かいがらのすず
ヤドキング,2,367,244,169,188,229,69,しねんのずつき,アクアテール,じしん,のろい,せんせいのツメ
ヤドキング,3,308,146,173,303,296,73,サイコキネシス,シャドーボール,シグナルビーム,きあいだま,ラムのみ
ヤドキング,4,375,150,177,308,237,77,サイコキネシス,なみのり,れいとうビーム,かえんほうしゃ,ものしりメガネ
ヤドラン,1,300,139,316,268,165,65,サイコキネシス,なみのり,めいそう,あくび,カゴのみ
ヤドラン,2,367,244,229,188,169,69,しねんのずつき,アクアテール,じしん,ゆきなだれ,たつじんのおび
ヤドラン,3,371,146,233,454.5,173,73,サイコキネシス,かえんほうしゃ,シャドーボール,シグナルビーム,こだわりメガネ
ヤドラン,4,375,167,237,308,177,69,サイコキネシス,なみのり,れいとうビーム,トリックルーム,たべのこし
ユキノオー,1,353,170,155,252,192,125,ギガドレイン,れいとうビーム,みずのはどう,くさぶえ,ラムのみ
ユキノオー,2,336,173,221,193,221,129,ギガドレイン,ぜったいれいど,ねをはる,やどりぎのタネ,おおきなねっこ
ユキノオー,3,361,197,163,286,183,119,エナジーボール,ふぶき,シャドーボール,きあいだま,オッカのみ
ユキノオー,4,365,290,167,201,187,123,ウッドハンマー,ゆきなだれ,じしん,いわなだれ,かいがらのすず
ユキメノコ,1,250,148,145,228,145,316,れいとうビーム,あやしいかぜ,あやしいひかり,メロメロ,クラボのみ
ユキメノコ,2,254,255,149,152,149,292,れいとうパンチ,ふいうち,いばる,じこあんじ,きあいのハチマキ
ユキメノコ,3,258,155,153,259,153,296,れいとうビーム,10まんボルト,シグナルビーム,みちづれ,たつじんのおび
ユキメノコ,4,262,159,157,264,157,300,ふぶき,シャドーボール,サイコキネシス,あられ,のんきのおこう
ユレイドル,1,324,167,265,150,261,91,げんしのちから,エナジーボール,あやしいひかり,すなあらし,するどいツメ
ユレイドル,2,328,171,269,153,265,95,どくどく,たくわえる,かげぶんしん,ねをはる,たべのこし
ユレイドル,3,332,157,249,175,295,99,ギガドレイン,ヘドロばくだん,じこさいせい,ねをはる,おおきなねっこ
ユレイドル,4,336,161,253,179,300,103,ストーンエッジ,タネばくだん,じしん,ミラーコート,たべのこし
ヨノワール,1,200,294,338,135,275,85,シャドーパンチ,なげつける,おにび,トリックルーム,くろいてっきゅう
ヨノワール,2,204,209,342,125,376,99,のろい,いたみわけ,あやしいひかり,メロメロ,たべのこし
ヨノワール,3,208,303,283,128,346,103,シャドーパンチ,ほのおのパンチ,かみなりパンチ,れいとうパンチ,ピントレンズ
ヨノワール,4,212,238,350,132,350,107,シャドーパンチ,じしん,かわらわり,いわなだれ,ちからのハチマキ
ライコウ,0,306,254,171,225,221,345,かみなりのキバ,かみくだく,アイアンヘッド,おんがえし,おうじゃのしるし
ライコウ,0,306,171,171,345,221,314,かみなり,じんつうりき,シグナルビーム,あまごい,ものしりメガネ
ライコウ,0,306,171,171,345,221,314,10まんボルト,じんつうりき,シャドーボール,めいそう,シュカのみ
ライコウ,0,306,171,171,314,221,345,10まんボルト,シャドーボール,でんじは,ひかりのかべ,ラムのみ
ライチュウ,1,230,272,115,166,165,268,かみなりパンチ,アイアンテール,たたきつける,でんこうせっか,こうかくレンズ
ライチュウ,2,234,252,119,170,169,299,かみなりパンチ,きあいパンチ,てんしのキッス,でんじは,きあいのハチマキ
ライチュウ,3,238,173,123,256,173,303,10まんボルト,きあいだま,シグナルビーム,わるだくみ,ヤタピのみ
ライチュウ,4,242,286,127,177,177,280,ボルテッカー,おんがえし,かわらわり,でんじは,ひかりのこな
ライボルト,1,250,239,125,193,125,278,かみなりのキバ,かみくだく,ほえる,でんじは,シュカのみ
ライボルト,2,254,143,129,310,129,282,かみなり,はかいこうせん,でんじは,あまごい,しめったいわ
ライボルト,3,258,248,133,200,133,286,かみなりのキバ,ほのおのキバ,こおりのキバ,かみつく,せんせいのツメ
ライボルト,4,262,150,137,290,137,319,10まんボルト,かえんほうしゃ,シグナルビーム,スピードスター,ひかりのこな
ラグラージ,1,373,316,185,157,185,125,たきのぼり,じしん,れいとうパンチ,まもる,かいがらのすず
ラグラージ,3,381,209,193,270,193,133,だくりゅう,だいちのちから,れいとうビーム,カウンター,たつじんのおび
ラグラージ,2,377,321,189,161,189,129,アクアテール,じしん,アームハンマー,のろい,ラムのみ
ラグラージ,4,385,330,197,168,197,137,じしん,アクアテール,ゆきなだれ,ミラーコート,リンドのみ
ラティアス,0,286,268,201,216,281,304,ドラゴンクロー,しねんのずつき,じしん,つばめがえし,たつじんのおび
ラティアス,0,286,162,201,334,281,304,ミストボール,りゅうせいぐん,10まんボルト,なみのり,しろいハーブ
ラティアス,0,286,162,201,304,281,334,サイコキネシス,れいとうビーム,エナジーボール,シャドーボール,ひかりのこな
ラティアス,0,286,162,201,304,378,241,サイコキネシス,りゅうのはどう,メロメロ,めいそう,ラムのみ
ラティオス,0,286,180,181,344,334,241,サイコキネシス,りゅうのはどう,でんじは,めいそう,きあいのハチマキ
ラティオス,0,286,290,181,252,241,304,ドラゴンクロー,シャドークロー,じしん,りゅうのまい,ラムのみ
ラティオス,0,286,180,181,344,241,334,サイコキネシス,10まんボルト,れいとうビーム,エナジーボール,ひかりのこな
ラティオス,0,286,180,181,378,241,304,ラスターパージ,りゅうせいぐん,はかいこうせん,なみのり,しろいハーブ
ラプラス,1,433,261,165,157,195,125,アクアテール,ゆきなだれ,こおりのつぶて,のろい,たべのこし
ラプラス,2,374,179,255,161,262,129,ぜったいれいど,ほろびのうた,うたう,あやしいひかり,せんせいのツメ
ラプラス,3,441,270,173,164,203,133,たきのぼり,げきりん,しねんのずつき,りゅうのまい,ラムのみ
ラプラス,4,445,168,177,275,207,137,なみのり,れいとうビーム,サイコキネシス,10まんボルト,ひかりのこな
ラフレシア,1,260,148,238,294,185,105,ギガドレイン,ヘドロばくだん,ねむりごな,ねをはる,おおきなねっこ
ラフレシア,2,306,152,243,209,231,109,どくどく,くさむすび,かげぶんしん,メロメロ,くろいヘドロ
ラフレシア,3,268,259,183,191,256,113,タネばくだん,ドレインパンチ,やつあたり,つるぎのまい,ラムのみ
ラフレシア,4,335,159,187,308,197,117,ヘドロばくだん,エナジーボール,はかいこうせん,こうごうせい,ものしりメガネ
ラムパルド,1,367,437,125,121,105,121,いわなだれ,からげんき,かみくだく,いやなおと,どくどくだま
ラムパルド,2,371,442,129,139,109,56,ストーンエッジ,しっぺがえし,ゆきなだれ,なげつける,くろいてっきゅう
ラムパルド,3,375,446,133,128,113,129,もろはのずつき,しねんのずつき,ほのおのパンチ,かみなりパンチ,いのちのたま
ラムパルド,4,316,410,137,132,117,322.5,もろはのずつき,じしん,ギガインパクト,ばかぢから,こだわりスカーフ
ランターン,1,423,106,121,242,157,139,なみのり,ほうでん,でんじは,アクアリング,リンドのみ
ランターン,2,427,112,125,161,246,143,ダイビング,あやしいひかり,でんじは,メロメロ,ラムのみ
ランターン,3,431,116,129,250,165,147,ハイドロポンプ,かみなり,ふぶき,あまごい,オボンのみ
ランターン,4,435,119,133,255,169,151,なみのり,10まんボルト,れいとうビーム,シグナルビーム,たつじんのおび
リーフィア,1,240,288,265,112,135,283,リーフブレード,つばめがえし,かげぶんしん,バトンタッチ,ピントレンズ
リーフィア,2,244,292,269,116,139,288,リーフブレード,とっておき,のろい,くさぶえ,ひかりのこな
リーフィア,3,248,325,336,119,143,203,リーフブレード,シザークロス,こうごうせい,にほんばれ,あついいわ
リーフィア,4,252,330,340,123,147,207,リーフブレード,シザークロス,つばめがえし,かみつく,せんせいのツメ
リザードン,1,266,155,161,314,175,268,かえんほうしゃ,エアスラッシュ,えんまく,こわいかお,ヤタピのみ
リザードン,2,270,159,165,319,179,272,オーバーヒート,ソーラービーム,おにび,にほんばれ,しろいハーブ
リザードン,3,274,268,169,207,183,276,フレアドライブ,じしん,かみくだく,ドラゴンクロー,ピントレンズ
リザードン,4,278,166,173,298,187,308,ブラストバーン,エアスラッシュ,きあいだま,げんしのちから,ひかりのこな
リングマ,1,353,360,155,155,155,103,きりさく,しっぺがえし,ゆきなだれ,カウンター,きあいのタスキ
リングマ,2,357,365,159,143,159,119,アームハンマー,ほのおのパンチ,かみなりパンチ,れいとうパンチ,いのちのたま
リングマ,3,361,369,163,146,163,123,からげんき,ばかぢから,かみくだく,まもる,どくどくだま
リングマ,4,365,374,167,150,167,127,おんがえし,クロスチョップ,じしん,つばめがえし,せんせいのツメ
ルージュラ,1,240,94,75,298,283,195,サイコキネシス,れいとうビーム,あくまのキッス,うそなき,カゴのみ
ルージュラ,2,244,98,79,302,288,199,ゆめくい,あくまのキッス,ほろびのうた,くろいまなざし,のんきのおこう
ルージュラ,3,248,101,83,336,203,266,ふぶき,エナジーボール,シグナルビーム,しぼりとる,たつじんのおび
ルージュラ,4,252,105,87,511.5,207,270,れいとうビーム,サイコキネシス,きあいだま,シャドーボール,こだわりメガネ
ルカリオ,1,250,202,145,327,145,248,はどうだん,ラスターカノン,みずのはどう,ほえる,ひかりのこな
ルカリオ,2,254,321,149,215,149,252,クロスチョップ,ストーンエッジ,かみなりパンチ,れいとうパンチ,ピントレンズ
ルカリオ,3,258,325,153,218,153,256,インファイト,じしん,ブレイズキック,シャドークロー,ちからのハチマキ
ルカリオ,4,262,213,157,341,157,260,はどうだん,サイコキネシス,シャドーボール,りゅうのはどう,たつじんのおび
ルンパッパ,1,270,228,145,166,268,145,たきのぼり,はっぱカッター,ドレインパンチ,つるぎのまい,ちからのハチマキ
ルンパッパ,2,316,149,210,170,251,149,やどりぎのタネ,どくどく,かげぶんしん,あまごい,たべのこし
ルンパッパ,3,341,137,153,281,213,153,ハイドロポンプ,くさむすび,ふぶき,きあいだま,こうかくレンズ
ルンパッパ,4,282,141,157,286,280,157,なみのり,ギガドレイン,れいとうビーム,あまごい,ラムのみ
レジアイス,0,349,121,312,198,421,121,ゆきなだれ,アームハンマー,かげぶんしん,のろい,たべのこし
レジアイス,0,349,108,221,312,421,121,れいとうビーム,10まんボルト,はかいこうせん,きあいだま,かいがらのすず
レジアイス,0,286,108,312,284,421,121,れいとうビーム,ラスターカノン,げんしのちから,ねむる,カゴのみ
レジアイス,0,286,108,221,312,484,121,れいとうビーム,シグナルビーム,チャージビーム,ドわすれ,ラムのみ
レジギガス,0,409,306,241,268,241,221,だいちのちから,きあいだま,10まんボルト,げんしのちから,ものしりメガネ
レジギガス,0,388,341,311,162,283,221,おんがえし,つばめがえし,でんじは,あやしいひかり,のんきのおこう
レジギガス,0,388,341,283,162,311,221,からげんき,しねんのずつき,かげぶんしん,みがわり,たべのこし
レジギガス,0,409,444,241,162,241,221,にぎりつぶす,じしん,ストーンエッジ,ドレインパンチ,ひかりのこな
レジスチル,0,328,188,363,153,363,121,アイアンヘッド,アームハンマー,じしん,のろい,かいがらのすず
レジスチル,0,328,188,363,153,363,121,アイアンヘッド,どくどく,かげぶんしん,てっぺき,たべのこし
レジスチル,0,349,257,321,153,321,121,シャドークロー,つばめがえし,かみなりパンチ,れいとうパンチ,するどいツメ
レジスチル,0,349,153,321,257,321,121,ラスターカノン,10まんボルト,でんじは,ドわすれ,ラムのみ
レジロック,0,286,284,421,108,312,121,ストーンエッジ,じしん,アームハンマー,だいばくはつ,せんせいのツメ
レジロック,0,349,312,421,108,221,121,ほのおのパンチ,かみなりパンチ,れいとうパンチ,ドレインパンチ,するどいツメ
レジロック,0,349,221,421,108,312,121,ストーンエッジ,アームハンマー,ねむる,のろい,カゴのみ
レジロック,0,286,284,532,108,221,121,いわなだれ,じしん,かわらわり,すなあらし,たべのこし
レントラー,1,333,338,163,175,163,145,かみなりのキバ,かみくだく,とおぼえ,じゅうでん,するどいツメ
レントラー,2,337,224,167,288,167,149,10まんボルト,シグナルビーム,でんじは,でんじふゆう,ものしりメガネ
レントラー,3,341,347,171,182,171,153,かみなりのキバ,こおりのキバ,ばかぢから,でんじは,しろいハーブ
レントラー,4,345,352,175,186,175,157,かみなりのキバ,こおりのキバ,かみくだく,でんじは,ちからのハチマキ
ロズレイド,1,230,130,115,318,305,185,ヘドロばくだん,マジカルリーフ,しびれこな,どろかけ,バコウのみ
ロズレイド,3,238,137,123,358,223,256,リーフストーム,ヘドロばくだん,はかいこうせん,くさぶえ,しろいハーブ
ロズレイド,2,234,134,119,322,310,189,ギガドレイン,やどりぎのタネ,ねをはる,こうごうせい,おおきなねっこ
ロズレイド,4,242,141,127,363,227,260,リーフストーム,ヘドロばくだん,シャドーボール,ウェザーボール,しろいハーブ